Disease,Split,Algorithm,ROC_AUC,PR_AUC,F1_Score
acquired metabolic disease,0,Random Baseline,0.5521026735982176,0.02447377581196104,0.020905923344947737
acquired metabolic disease,0,SGSA (Yours),0.7727325473449684,0.03933076877979886,0.0627177700348432
acquired metabolic disease,0,DIAMOnD,0.686629688080208,0.03400890948633097,0.011743119266055046
acquired metabolic disease,1,Random Baseline,0.6281563312291125,0.008768611061898185,0.020905923344947737
acquired metabolic disease,1,SGSA (Yours),0.8525807649461568,0.06640633904282979,0.07665505226480836
acquired metabolic disease,1,DIAMOnD,0.6560063126624582,0.03668378569885608,0.011743119266055046
acquired metabolic disease,2,Random Baseline,0.40008819160787223,0.008260717708434777,0.020905923344947737
acquired metabolic disease,2,SGSA (Yours),0.6367898254734496,0.021940999388953757,0.041811846689895474
acquired metabolic disease,2,DIAMOnD,0.620509190493873,0.019964994741959455,0.011743119266055046
acquired metabolic disease,3,Random Baseline,0.5643566654288897,0.007388489765039805,0.0
acquired metabolic disease,3,SGSA (Yours),0.6544861678425548,0.023455183192094834,0.041811846689895474
acquired metabolic disease,3,DIAMOnD,0.6516431489045674,0.022801519671963543,0.011743119266055046
acquired metabolic disease,4,Random Baseline,0.4682510211659859,0.00588212617517823,0.006968641114982578
acquired metabolic disease,4,SGSA (Yours),0.6399229483847011,0.02709129000454055,0.041811846689895474
acquired metabolic disease,4,DIAMOnD,0.6196272744151504,0.019400203556808812,0.011743119266055046
anemia,0,Random Baseline,0.3147908182154758,0.002291515021105887,0.0
anemia,0,SGSA (Yours),0.7549750092558312,0.05208058579654874,0.035842293906810034
anemia,0,DIAMOnD,0.5931599407626804,0.017423172757475083,0.005888847994111152
anemia,1,Random Baseline,0.3457978526471677,0.002422416900279482,0.0
anemia,1,SGSA (Yours),0.8057895223991114,0.03556370115491882,0.021505376344086023
anemia,1,DIAMOnD,0.5923731951129211,0.013474030600612337,0.005888847994111152
anemia,2,Random Baseline,0.655312847093669,0.0056932313722785404,0.007168458781362007
anemia,2,SGSA (Yours),0.9587189929655683,0.09219669410956065,0.05
anemia,2,DIAMOnD,0.9853757867456497,0.1072724232263706,0.005888847994111152
anemia,3,Random Baseline,0.44756571640133286,0.0033295857276506285,0.007168458781362007
anemia,3,SGSA (Yours),0.7740420214735283,0.04273005111594749,0.035842293906810034
anemia,3,DIAMOnD,0.8537578674564976,0.06397381197202373,0.005888847994111152
anemia,4,Random Baseline,0.2882728619029989,0.0021789832812327816,0.0
anemia,4,SGSA (Yours),0.8834922251018142,0.09918950034998628,0.05017921146953405
anemia,4,DIAMOnD,0.7905868196964088,0.052690661704520025,0.005888847994111152
arthritis,0,Random Baseline,0.26605886708626436,0.0021006539826686505,0.0
arthritis,0,SGSA (Yours),0.718507034431692,0.01737673651891381,0.02857142857142857
arthritis,0,DIAMOnD,0.5879766753054424,0.006958842288445365,0.005888847994111152
arthritis,1,Random Baseline,0.24754720473898556,0.002048121831591106,0.0
arthritis,1,SGSA (Yours),0.6262495372084413,0.02051327141695986,0.028070175438596492
arthritis,1,DIAMOnD,0.45964457608293224,0.0029531192321889995,0.005888847994111152
arthritis,2,Random Baseline,0.5303591262495373,0.004701903938588034,0.007168458781362007
arthritis,2,SGSA (Yours),0.9176462421325435,0.02771809729588236,0.043010752688172046
arthritis,2,DIAMOnD,0.5891336542021474,0.007825360659662986,0.005888847994111152
arthritis,3,Random Baseline,0.3532487967419474,0.0024383350929168273,0.0
arthritis,3,SGSA (Yours),0.7311412439837097,0.01310092736414016,0.02867383512544803
arthritis,3,DIAMOnD,0.5902443539429841,0.009129350918394622,0.005888847994111152
arthritis,4,Random Baseline,0.538781932617549,0.0035236739752352395,0.0
arthritis,4,SGSA (Yours),0.781238430211033,0.02821907091205124,0.043010752688172046
arthritis,4,DIAMOnD,0.5254998148833766,0.0056327598159702525,0.005888847994111152
autosomal dominant disease,0,Random Baseline,0.4687151875232083,0.005795063049118254,0.006968641114982578
autosomal dominant disease,0,SGSA (Yours),0.8375533791310806,0.03270957563483208,0.04878048780487805
autosomal dominant disease,0,DIAMOnD,0.7669420720386186,0.026927652742413176,0.011743119266055046
autosomal dominant disease,1,Random Baseline,0.4818975120683253,0.011244027718004477,0.013937282229965157
autosomal dominant disease,1,SGSA (Yours),0.7747400668399556,0.04224300258631307,0.0627177700348432
autosomal dominant disease,1,DIAMOnD,0.5862421091719272,0.013089007458270005,0.011743119266055046
autosomal dominant disease,2,Random Baseline,0.43659487560341625,0.0057208630815323205,0.0
autosomal dominant disease,2,SGSA (Yours),0.75496658002228,0.027471309198691177,0.04878048780487805
autosomal dominant disease,2,DIAMOnD,0.5873096917935388,0.014686233661028992,0.011743119266055046
autosomal dominant disease,3,Random Baseline,0.3821017452655031,0.004863820453008177,0.006968641114982578
autosomal dominant disease,3,SGSA (Yours),0.6419072595618269,0.024901307856217438,0.04878048780487805
autosomal dominant disease,3,DIAMOnD,0.5553170256219829,0.012515475330192516,0.011743119266055046
autosomal dominant disease,4,Random Baseline,0.4804353880430746,0.005814771151718779,0.0
autosomal dominant disease,4,SGSA (Yours),0.656331229112514,0.03120717016685314,0.041811846689895474
autosomal dominant disease,4,DIAMOnD,0.5865670256219829,0.013345923463680655,0.011743119266055046
autosomal genetic disease,0,Random Baseline,0.547820954491797,0.015323502399370756,0.033112582781456956
autosomal genetic disease,0,SGSA (Yours),0.6271772386711316,0.02625854201804953,0.059602649006622516
autosomal genetic disease,0,DIAMOnD,0.5803922041003156,0.016969000453484512,0.022627737226277374
autosomal genetic disease,1,Random Baseline,0.40449059240164786,0.009630103349048307,0.006622516556291391
autosomal genetic disease,1,SGSA (Yours),0.7612023898431666,0.052003706154190386,0.10596026490066225
autosomal genetic disease,1,DIAMOnD,0.6824423618974198,0.03597082227736478,0.022627737226277374
autosomal genetic disease,2,Random Baseline,0.5890047941410297,0.015291640987023668,0.033112582781456956
autosomal genetic disease,2,SGSA (Yours),0.6511298754486978,0.023102443920742587,0.0594059405940594
autosomal genetic disease,2,DIAMOnD,0.5481582307451397,0.014421861634089428,0.022627737226277374
autosomal genetic disease,3,Random Baseline,0.48425642631718424,0.018126645235226987,0.039735099337748346
autosomal genetic disease,3,SGSA (Yours),0.8066684333518033,0.05013221052873526,0.10596026490066225
autosomal genetic disease,3,DIAMOnD,0.6476426799007445,0.02814058666101797,0.022627737226277374
autosomal genetic disease,4,Random Baseline,0.4907851309354598,0.011958150035312188,0.013245033112582781
autosomal genetic disease,4,SGSA (Yours),0.7127550651665904,0.037807366769904746,0.09271523178807947
autosomal genetic disease,4,DIAMOnD,0.6414271603748586,0.021348336441871348,0.022627737226277374
autosomal recessive disease,0,Random Baseline,0.5219188974291015,0.005797698090164234,0.007017543859649123
autosomal recessive disease,0,SGSA (Yours),0.8974291015107343,0.05928517646074165,0.07017543859649122
autosomal recessive disease,0,DIAMOnD,0.684892658362046,0.04120771634940093,0.010282776349614395
autosomal recessive disease,1,Random Baseline,0.5404187649085608,0.00595748187054966,0.0
autosomal recessive disease,1,SGSA (Yours),0.755261065465147,0.04179472669910379,0.056140350877192984
autosomal recessive disease,1,DIAMOnD,0.6085078187119003,0.020145045433858633,0.010282776349614395
autosomal recessive disease,2,Random Baseline,0.5997349589186324,0.007166804991252919,0.007017543859649123
autosomal recessive disease,2,SGSA (Yours),0.7729393055923668,0.0439695300896798,0.06315789473684211
autosomal recessive disease,2,DIAMOnD,0.6092499337397296,0.024116538793107094,0.010282776349614395
autosomal recessive disease,3,Random Baseline,0.6009541478929235,0.0083983035978257,0.014035087719298246
autosomal recessive disease,3,SGSA (Yours),0.6784389080307447,0.03799198334218205,0.04195804195804196
autosomal recessive disease,3,DIAMOnD,0.6088523721176781,0.021679991458600573,0.010282776349614395
autosomal recessive disease,4,Random Baseline,0.3866949377153459,0.004201283971008531,0.0
autosomal recessive disease,4,SGSA (Yours),0.8104823747680892,0.06049630582677183,0.06315789473684211
autosomal recessive disease,4,DIAMOnD,0.684230055658627,0.03691531913866135,0.010282776349614395
bone disease,0,Random Baseline,0.3476013782136231,0.003971082216103788,0.0
bone disease,0,SGSA (Yours),0.7590246488205672,0.022406015588053173,0.0472972972972973
bone disease,0,DIAMOnD,0.5313278558176516,0.007520412858782677,0.010282776349614395
bone disease,1,Random Baseline,0.3364166445799099,0.003846702150299356,0.0
bone disease,1,SGSA (Yours),0.6023721176782402,0.01413539316081272,0.028070175438596492
bone disease,1,DIAMOnD,0.531062814736284,0.007453615695749759,0.010282776349614395
bone disease,2,Random Baseline,0.4896899019347999,0.00632692010854873,0.014035087719298246
bone disease,2,SGSA (Yours),0.7376623376623377,0.019296128668196758,0.04912280701754386
bone disease,2,DIAMOnD,0.5998939835674528,0.009791408755973181,0.010282776349614395
bone disease,3,Random Baseline,0.5164325470447919,0.005749462431989984,0.014035087719298246
bone disease,3,SGSA (Yours),0.7179830373707925,0.018909633960665,0.042105263157894736
bone disease,3,DIAMOnD,0.6026769149218127,0.011458548499932292,0.010282776349614395
bone disease,4,Random Baseline,0.6072886297376093,0.008878359134578863,0.021052631578947368
bone disease,4,SGSA (Yours),0.7001590246488206,0.015835213585936442,0.042105263157894736
bone disease,4,DIAMOnD,0.5308242777630532,0.0071668573280362375,0.010282776349614395
bone inflammation disease,0,Random Baseline,0.34773662551440326,0.0026524511140112498,0.0
bone inflammation disease,0,SGSA (Yours),0.7650823045267491,0.021406739381147517,0.04285714285714286
bone inflammation disease,0,DIAMOnD,0.5161728395061728,0.004187687133423567,0.006622516556291391
bone inflammation disease,1,Random Baseline,0.5241975308641975,0.004259215922702608,0.007142857142857143
bone inflammation disease,1,SGSA (Yours),0.743641975308642,0.023665070865534543,0.035211267605633804
bone inflammation disease,1,DIAMOnD,0.5190946502057613,0.008801072448563268,0.006622516556291391
bone inflammation disease,2,Random Baseline,0.48366255144032927,0.003619524440454376,0.0
bone inflammation disease,2,SGSA (Yours),0.7069547325102881,0.014326053329365679,0.03546099290780142
bone inflammation disease,2,DIAMOnD,0.5176131687242798,0.00497332125239102,0.006622516556291391
bone inflammation disease,3,Random Baseline,0.4634979423868313,0.01000892140895004,0.014285714285714285
bone inflammation disease,3,SGSA (Yours),0.6734156378600822,0.014711595625925365,0.027874564459930314
bone inflammation disease,3,DIAMOnD,0.5737860082304528,0.006880635408867785,0.006622516556291391
bone inflammation disease,4,Random Baseline,0.5476543209876543,0.022227027678930075,0.014285714285714285
bone inflammation disease,4,SGSA (Yours),0.6625720164609052,0.022281283314490103,0.02857142857142857
bone inflammation disease,4,DIAMOnD,0.5765432098765433,0.010031426775612822,0.006622516556291391
brain disease,0,Random Baseline,0.5079857133230001,0.006214844275467228,0.014184397163120567
brain disease,0,SGSA (Yours),0.5682829031605904,0.006237078229823748,0.014184397163120567
brain disease,0,DIAMOnD,0.5504414044073052,0.007059320148815433,0.008088235294117648
brain disease,1,Random Baseline,0.5224071702944941,0.006173041347260064,0.014184397163120567
brain disease,1,SGSA (Yours),0.6091212345845407,0.008113644637521546,0.014134275618374558
brain disease,1,DIAMOnD,0.5466338702068874,0.005027344174630996,0.008088235294117648
brain disease,2,Random Baseline,0.5020890895612912,0.011273076747838541,0.0070921985815602835
brain disease,2,SGSA (Yours),0.551688119145495,0.009186621964650196,0.014184397163120567
brain disease,2,DIAMOnD,0.5037064492216456,0.004418671767508976,0.008088235294117648
brain disease,3,Random Baseline,0.4421456971494036,0.003882736547971358,0.0
brain disease,3,SGSA (Yours),0.6336680369297123,0.010459607714322668,0.014184397163120567
brain disease,3,DIAMOnD,0.5069748635352787,0.006938152286989496,0.008088235294117648
brain disease,4,Random Baseline,0.6129119212884966,0.009459804934293962,0.014184397163120567
brain disease,4,SGSA (Yours),0.5521430015499696,0.004670860372393237,0.0
brain disease,4,DIAMOnD,0.4584877687175686,0.004060538944259874,0.008088235294117648
cancer,0,Random Baseline,0.4717681322810973,0.01766551952951486,0.012539184952978056
cancer,0,SGSA (Yours),0.6707456469998747,0.03157135323442695,0.0877742946708464
cancer,0,DIAMOnD,0.5042199047976951,0.017815014217655138,0.03134796238244514
cancer,1,Random Baseline,0.502787172742077,0.03381595246943681,0.05642633228840126
cancer,1,SGSA (Yours),0.6343362457722661,0.028398882787134268,0.06269592476489028
cancer,1,DIAMOnD,0.5255777903043969,0.018872156834265283,0.03761755485893417
cancer,2,Random Baseline,0.5188995365150946,0.019977136579802924,0.03761755485893417
cancer,2,SGSA (Yours),0.6707182450206689,0.031160961264588012,0.06748466257668712
cancer,2,DIAMOnD,0.5558961230113993,0.020557055739678323,0.05642633228840126
cancer,3,Random Baseline,0.5236439934861581,0.0211813518873743,0.025078369905956112
cancer,3,SGSA (Yours),0.6684634535888764,0.03632365414987912,0.10031347962382445
cancer,3,DIAMOnD,0.5577203119128148,0.021499735652578872,0.06269592476489028
cancer,4,Random Baseline,0.47373324564699987,0.040926373239734415,0.03761755485893417
cancer,4,SGSA (Yours),0.6500610672679443,0.02896117899992475,0.06269592476489028
cancer,4,DIAMOnD,0.5565381122385069,0.020833270109238362,0.06269592476489028
carbohydrate metabolism disease,0,Random Baseline,0.5254655321247996,0.002854741248041347,0.0
carbohydrate metabolism disease,0,SGSA (Yours),0.7354790972992971,0.029003658369857188,0.013513513513513514
carbohydrate metabolism disease,0,DIAMOnD,0.7185842890615366,0.024628900376408684,0.004419889502762431
carbohydrate metabolism disease,1,Random Baseline,0.6235047478110741,0.004717638120127045,0.007220216606498195
carbohydrate metabolism disease,1,SGSA (Yours),0.7614070785546925,0.02147755965155556,0.021660649819494584
carbohydrate metabolism disease,1,DIAMOnD,0.5485879886545814,0.007054032853451458,0.004419889502762431
carbohydrate metabolism disease,2,Random Baseline,0.472992970773215,0.002370464409301976,0.0
carbohydrate metabolism disease,2,SGSA (Yours),0.7746947835738069,0.007298452588872109,0.007142857142857143
carbohydrate metabolism disease,2,DIAMOnD,0.4604143544210137,0.0022148394241417496,0.004419889502762431
carbohydrate metabolism disease,3,Random Baseline,0.37495375508694045,0.0019451945056464192,0.0
carbohydrate metabolism disease,3,SGSA (Yours),0.6873535577753114,0.006100566109684253,0.007220216606498195
carbohydrate metabolism disease,3,DIAMOnD,0.6257861635220127,0.008272194536729421,0.004419889502762431
carbohydrate metabolism disease,4,Random Baseline,0.3844493772351708,0.0020970495285809803,0.0
carbohydrate metabolism disease,4,SGSA (Yours),0.5506844247132816,0.01228608930795001,0.006944444444444444
carbohydrate metabolism disease,4,DIAMOnD,0.5495745467998521,0.012262366186784791,0.004419889502762431
cardiomyopathy,0,Random Baseline,0.3762486126526082,0.0019531423465041337,0.0
cardiomyopathy,0,SGSA (Yours),0.7964915525958811,0.016288330151837935,0.01444043321299639
cardiomyopathy,0,DIAMOnD,0.6317055123936367,0.00813030638612034,0.004419889502762431
cardiomyopathy,1,Random Baseline,0.4385250955728203,0.0023925655758050895,0.0
cardiomyopathy,1,SGSA (Yours),0.7975706005672709,0.028592226206927876,0.021660649819494584
cardiomyopathy,1,DIAMOnD,0.4604143544210137,0.0022148394241417496,0.004419889502762431
cardiomyopathy,2,Random Baseline,0.5640029596744358,0.027390985454483083,0.01444043321299639
cardiomyopathy,2,SGSA (Yours),0.7732766062399803,0.02239995980728052,0.02888086642599278
cardiomyopathy,2,DIAMOnD,0.6296090763349366,0.010846078678219488,0.004419889502762431
cardiomyopathy,3,Random Baseline,0.5371192502158096,0.00447396388847548,0.007220216606498195
cardiomyopathy,3,SGSA (Yours),0.8115057343692195,0.0359308976749902,0.02888086642599278
cardiomyopathy,3,DIAMOnD,0.6312122333210014,0.007785980532256989,0.004419889502762431
cardiomyopathy,4,Random Baseline,0.6035269453693427,0.003472231307987116,0.007220216606498195
cardiomyopathy,4,SGSA (Yours),0.7795042545320015,0.023942620062316445,0.02888086642599278
cardiomyopathy,4,DIAMOnD,0.4604143544210137,0.0022148394241417496,0.004419889502762431
cardiovascular system disease,0,Random Baseline,0.4373947031471124,0.004564628649103253,0.0070921985815602835
cardiovascular system disease,0,SGSA (Yours),0.5790484533998248,0.01902331613973403,0.028368794326241134
cardiovascular system disease,0,DIAMOnD,0.6013208437226228,0.012427251657141095,0.008088235294117648
cardiovascular system disease,1,Random Baseline,0.5049868589527596,0.00437169333166644,0.0070921985815602835
cardiovascular system disease,1,SGSA (Yours),0.7038715546869735,0.02762681993824616,0.028368794326241134
cardiovascular system disease,1,DIAMOnD,0.6925668845609543,0.01866369038092349,0.008088235294117648
cardiovascular system disease,2,Random Baseline,0.4794460543163286,0.005390677000399082,0.02127659574468085
cardiovascular system disease,2,SGSA (Yours),0.7287047644719995,0.030857448862061643,0.0425531914893617
cardiovascular system disease,2,DIAMOnD,0.6026012534537368,0.01564715919895624,0.008088235294117648
cardiovascular system disease,3,Random Baseline,0.534672147718849,0.004575564781262284,0.0070921985815602835
cardiovascular system disease,3,SGSA (Yours),0.6528404879034975,0.021948019598901053,0.028368794326241134
cardiovascular system disease,3,DIAMOnD,0.5537940562032483,0.008494170558124046,0.008088235294117648
cardiovascular system disease,4,Random Baseline,0.6472808140710291,0.013371613011080379,0.02127659574468085
cardiovascular system disease,4,SGSA (Yours),0.5957611698901544,0.013220823791394332,0.028368794326241134
cardiovascular system disease,4,DIAMOnD,0.5050542489386077,0.0047015000503372595,0.008088235294117648
central nervous system disease,0,Random Baseline,0.5829397630292485,0.01527961762395678,0.026845637583892617
central nervous system disease,0,SGSA (Yours),0.597674482834811,0.01562109324849096,0.040268456375838924
central nervous system disease,0,DIAMOnD,0.5436932084955948,0.011683685099102595,0.019736842105263157
central nervous system disease,1,Random Baseline,0.40928549727953156,0.00861607760805628,0.013422818791946308
central nervous system disease,1,SGSA (Yours),0.4510522827077637,0.01077939140427054,0.020134228187919462
central nervous system disease,1,DIAMOnD,0.4700886568895517,0.009860311526153518,0.019736842105263157
central nervous system disease,2,Random Baseline,0.36013754246416446,0.00842715605084815,0.006711409395973154
central nervous system disease,2,SGSA (Yours),0.5393086972132461,0.01521686468491897,0.040268456375838924
central nervous system disease,2,DIAMOnD,0.48910431684480893,0.010136513128489191,0.019736842105263157
central nervous system disease,3,Random Baseline,0.524249454525368,0.01036875123903732,0.006711409395973154
central nervous system disease,3,SGSA (Yours),0.6765059242687878,0.021364706424555433,0.06040268456375839
central nervous system disease,3,DIAMOnD,0.48902145993868584,0.010083057467893283,0.019736842105263157
central nervous system disease,4,Random Baseline,0.5209489877647968,0.03225893248611335,0.03355704697986577
central nervous system disease,4,SGSA (Yours),0.5640691026597067,0.0155957899601729,0.040268456375838924
central nervous system disease,4,DIAMOnD,0.4893943160162399,0.01017949528361445,0.019736842105263157
connective tissue disease,0,Random Baseline,0.6246518752320832,0.016625023440997953,0.013937282229965157
connective tissue disease,0,SGSA (Yours),0.5262137950241367,0.01313859242215093,0.027874564459930314
connective tissue disease,0,DIAMOnD,0.4559970293353138,0.005906238464377999,0.011743119266055046
connective tissue disease,1,Random Baseline,0.4792285555142964,0.0057954629077632755,0.006968641114982578
connective tissue disease,1,SGSA (Yours),0.6689681581878946,0.019388607062573948,0.04152249134948097
connective tissue disease,1,DIAMOnD,0.5822270701819532,0.010628280403468126,0.011743119266055046
connective tissue disease,2,Random Baseline,0.4255012996658002,0.005154297104440241,0.0
connective tissue disease,2,SGSA (Yours),0.6312314333457111,0.013700912863815244,0.02768166089965398
connective tissue disease,2,DIAMOnD,0.4559970293353138,0.005906238464377999,0.011743119266055046
connective tissue disease,3,Random Baseline,0.4464352023765317,0.007008799207040192,0.013937282229965157
connective tissue disease,3,SGSA (Yours),0.7373514667656887,0.016342993217904497,0.041811846689895474
connective tissue disease,3,DIAMOnD,0.5197270701819532,0.007412586268930101,0.011743119266055046
connective tissue disease,4,Random Baseline,0.49807370961752695,0.006786903913491947,0.006968641114982578
connective tissue disease,4,SGSA (Yours),0.7521235610842926,0.019014621699341344,0.03484320557491289
connective tissue disease,4,DIAMOnD,0.4559970293353138,0.005906238464377999,0.011743119266055046
developmental disorder of mental health,0,Random Baseline,0.6128835808776262,0.011782933059273852,0.013651877133105802
developmental disorder of mental health,0,SGSA (Yours),0.6314663193152215,0.018110709860470517,0.040955631399317405
developmental disorder of mental health,0,DIAMOnD,0.5466217816422506,0.011248274958159814,0.016111314536799707
developmental disorder of mental health,1,Random Baseline,0.45694759278681873,0.008279024083904307,0.020477815699658702
developmental disorder of mental health,1,SGSA (Yours),0.6407534594173969,0.02596301125933058,0.06143344709897611
developmental disorder of mental health,1,DIAMOnD,0.5502249890042968,0.015223937784142206,0.016111314536799707
developmental disorder of mental health,2,Random Baseline,0.5218391582366275,0.008493949484331824,0.006825938566552901
developmental disorder of mental health,2,SGSA (Yours),0.7205145989105796,0.022647868344507396,0.04778156996587031
developmental disorder of mental health,2,DIAMOnD,0.6589555773590013,0.019747423113945436,0.016111314536799707
developmental disorder of mental health,3,Random Baseline,0.3510166796359577,0.006027120710382054,0.006825938566552901
developmental disorder of mental health,3,SGSA (Yours),0.6012027607673309,0.02109334534743571,0.04778156996587031
developmental disorder of mental health,3,DIAMOnD,0.6189988835132118,0.02055347193586088,0.016111314536799707
developmental disorder of mental health,4,Random Baseline,0.5772236695199107,0.009896354254579768,0.013651877133105802
developmental disorder of mental health,4,SGSA (Yours),0.6415992827418209,0.022682231931378832,0.05460750853242321
developmental disorder of mental health,4,DIAMOnD,0.6198954562371012,0.021843251627681894,0.016111314536799707
diabetes mellitus,0,Random Baseline,0.4261931187569368,0.005019098104354603,0.007220216606498195
diabetes mellitus,0,SGSA (Yours),0.766000739918609,0.011216164932923805,0.014336917562724014
diabetes mellitus,0,DIAMOnD,0.5490812677272167,0.008790143964562569,0.004419889502762431
diabetes mellitus,1,Random Baseline,0.4550499445061043,0.0025124364652991033,0.007220216606498195
diabetes mellitus,1,SGSA (Yours),0.7469170057960292,0.0166896565220029,0.01444043321299639
diabetes mellitus,1,DIAMOnD,0.636761622888149,0.016658408131276347,0.004419889502762431
diabetes mellitus,2,Random Baseline,0.7746331236897275,0.009916650735615318,0.021660649819494584
diabetes mellitus,2,SGSA (Yours),0.5565421137008262,0.009111000664892779,0.013986013986013986
diabetes mellitus,2,DIAMOnD,0.5377975089406832,0.002650852499184147,0.004419889502762431
diabetes mellitus,3,Random Baseline,0.5115920582069305,0.0025503832236493796,0.0
diabetes mellitus,3,SGSA (Yours),0.563756320138118,0.003525667070946381,0.007220216606498195
diabetes mellitus,3,DIAMOnD,0.4604143544210137,0.0022148394241417496,0.004419889502762431
diabetes mellitus,4,Random Baseline,0.3131705512393637,0.001967674351377741,0.0
diabetes mellitus,4,SGSA (Yours),0.6371932420767049,0.005636264212654981,0.007220216606498195
diabetes mellitus,4,DIAMOnD,0.6302256751757307,0.009587752246729538,0.004419889502762431
disease,0,Random Baseline,0.5320003533022721,0.07554734701151251,0.06666666666666667
disease,0,SGSA (Yours),0.5228663854969418,0.06557914265156786,0.0
disease,0,DIAMOnD,0.44669551968556104,0.06001390339345332,0.0
disease,1,Random Baseline,0.49827765142314573,0.06510859158843663,0.06222222222222222
disease,1,SGSA (Yours),0.5336078786406695,0.0660234170173022,0.0
disease,1,DIAMOnD,0.44187735994877114,0.06023489713413083,0.0
disease,2,Random Baseline,0.434036257645682,0.05629356927100336,0.057777777777777775
disease,2,SGSA (Yours),0.5081546580696447,0.06297695279340185,0.0
disease,2,DIAMOnD,0.4515158875615519,0.059858826206872655,0.0
disease,3,Random Baseline,0.4635060834234991,0.059414801515031326,0.05333333333333334
disease,3,SGSA (Yours),0.5116887848609976,0.0628753516058513,0.0
disease,3,DIAMOnD,0.44686554640404536,0.06001959828842533,0.0
disease,4,Random Baseline,0.49471371475257797,0.08710822062692566,0.08888888888888889
disease,4,SGSA (Yours),0.5324607503257005,0.06567818505053907,0.0
disease,4,DIAMOnD,0.4564974495992227,0.059719709343130874,0.0
disease of anatomical entity,0,Random Baseline,0.549878811072841,0.04095132726509607,0.0653950953678474
disease of anatomical entity,0,SGSA (Yours),0.6168237338946294,0.046963344974232324,0.0326975476839237
disease of anatomical entity,0,DIAMOnD,0.4938209593060339,0.03361425886061115,0.021798365122615803
disease of anatomical entity,1,Random Baseline,0.5496077305778799,0.041169562424100574,0.05994550408719346
disease of anatomical entity,1,SGSA (Yours),0.6036843028447506,0.04746151513212908,0.03814713896457766
disease of anatomical entity,1,DIAMOnD,0.48485138410511547,0.03366081957557603,0.0326975476839237
disease of anatomical entity,2,Random Baseline,0.5147220627631075,0.036677447216207956,0.05449591280653951
disease of anatomical entity,2,SGSA (Yours),0.6179499138920781,0.047650687833260916,0.05449591280653951
disease of anatomical entity,2,DIAMOnD,0.5099343028447507,0.034373989606957235,0.043596730245231606
disease of anatomical entity,3,Random Baseline,0.4609285304247991,0.03151357076298157,0.021798365122615803
disease of anatomical entity,3,SGSA (Yours),0.5874613311646893,0.042858276178491174,0.0326975476839237
disease of anatomical entity,3,DIAMOnD,0.5011640515371859,0.03438297679649593,0.04904632152588556
disease of anatomical entity,4,Random Baseline,0.4324012948080112,0.03195405728939681,0.043596730245231606
disease of anatomical entity,4,SGSA (Yours),0.6025222445464983,0.045514308100210364,0.043596730245231606
disease of anatomical entity,4,DIAMOnD,0.509152953182804,0.03418185820232737,0.0326975476839237
disease of cellular proliferation,0,Random Baseline,0.5094967430790429,0.02183566447853915,0.0438871473354232
disease of cellular proliferation,0,SGSA (Yours),0.7183820305649505,0.03743723923888119,0.09404388714733543
disease of cellular proliferation,0,DIAMOnD,0.5464424401853939,0.020203514274747425,0.05642633228840126
disease of cellular proliferation,1,Random Baseline,0.43995051985469125,0.0177983838301088,0.025078369905956112
disease of cellular proliferation,1,SGSA (Yours),0.6162861706125516,0.025852926356943758,0.06269592476489028
disease of cellular proliferation,1,DIAMOnD,0.5258674683702869,0.01908321147956516,0.0438871473354232
disease of cellular proliferation,2,Random Baseline,0.47461793811850184,0.016952450086245865,0.025078369905956112
disease of cellular proliferation,2,SGSA (Yours),0.6703815921332832,0.03447544211623982,0.0877742946708464
disease of cellular proliferation,2,DIAMOnD,0.576365401478141,0.022405005045748518,0.05642633228840126
disease of cellular proliferation,3,Random Baseline,0.42746304647375677,0.018940281262354038,0.018808777429467086
disease of cellular proliferation,3,SGSA (Yours),0.6729691218840035,0.03490556470169488,0.10031347962382445
disease of cellular proliferation,3,DIAMOnD,0.574619503945885,0.021500852711068746,0.06269592476489028
disease of cellular proliferation,4,Random Baseline,0.4719168858825003,0.016644224053241827,0.025078369905956112
disease of cellular proliferation,4,SGSA (Yours),0.6814793937116372,0.03242630210987889,0.06896551724137931
disease of cellular proliferation,4,DIAMOnD,0.5974727546035326,0.024756928709736458,0.08150470219435736
disease of mental health,0,Random Baseline,0.43304023845007444,0.008518891953164374,0.013513513513513514
disease of mental health,0,SGSA (Yours),0.634284649776453,0.026347278653490347,0.060810810810810814
disease of mental health,0,DIAMOnD,0.5568405365126676,0.015221854847941921,0.018288222384784197
disease of mental health,1,Random Baseline,0.44976154992548434,0.008711326175996733,0.006756756756756757
disease of mental health,1,SGSA (Yours),0.6712593144560358,0.023369409580787894,0.05387205387205387
disease of mental health,1,DIAMOnD,0.5369523099850968,0.01427269177095003,0.018288222384784197
disease of mental health,2,Random Baseline,0.43538002980625934,0.008749322750881208,0.013513513513513514
disease of mental health,2,SGSA (Yours),0.6672727272727272,0.023167514986548527,0.05387205387205387
disease of mental health,2,DIAMOnD,0.5755961251862891,0.01588627652478793,0.018288222384784197
disease of mental health,3,Random Baseline,0.5163040238450075,0.01345971572622196,0.013513513513513514
disease of mental health,3,SGSA (Yours),0.7267734724292101,0.02522709730324528,0.060810810810810814
disease of mental health,3,DIAMOnD,0.5347019374068553,0.012231386751717883,0.018288222384784197
disease of mental health,4,Random Baseline,0.46199701937406856,0.018377268310087666,0.033783783783783786
disease of mental health,4,SGSA (Yours),0.7015871833084948,0.03113525522768817,0.06756756756756757
disease of mental health,4,DIAMOnD,0.5579284649776453,0.016547619663536572,0.018288222384784197
disease of metabolism,0,Random Baseline,0.47171011793916817,0.009689834581456454,0.020338983050847456
disease of metabolism,0,SGSA (Yours),0.5295468653010553,0.020632901056416485,0.04067796610169491
disease of metabolism,0,DIAMOnD,0.5406890130353819,0.01429772698739444,0.01756311745334797
disease of metabolism,1,Random Baseline,0.48409373060211053,0.009850040646429623,0.020338983050847456
disease of metabolism,1,SGSA (Yours),0.755734016139044,0.04564696349661374,0.08108108108108109
disease of metabolism,1,DIAMOnD,0.6899751707014278,0.03485787391446552,0.01756311745334797
disease of metabolism,2,Random Baseline,0.5141061452513966,0.01137455849791138,0.02711864406779661
disease of metabolism,2,SGSA (Yours),0.6981145251396649,0.052767758611638634,0.08135593220338982
disease of metabolism,2,DIAMOnD,0.5167132216014899,0.010574709341160938,0.01756311745334797
disease of metabolism,3,Random Baseline,0.5326505276225946,0.010792953149343401,0.013559322033898305
disease of metabolism,3,SGSA (Yours),0.6240999379267536,0.034416816559037396,0.061016949152542375
disease of metabolism,3,DIAMOnD,0.49657045313469894,0.010288853649761934,0.01756311745334797
disease of metabolism,4,Random Baseline,0.48854748603351955,0.009673587424856123,0.006779661016949152
disease of metabolism,4,SGSA (Yours),0.6554081315952824,0.027225469087016875,0.061016949152542375
disease of metabolism,4,DIAMOnD,0.6434667908131595,0.02144090440670502,0.01756311745334797
eye and adnexa disease,0,Random Baseline,0.4503769620566061,0.004147325444013644,0.0
eye and adnexa disease,0,SGSA (Yours),0.7680910888641701,0.041030905531984435,0.042105263157894736
eye and adnexa disease,0,DIAMOnD,0.6301137065875664,0.013881930224291131,0.008820286659316428
eye and adnexa disease,1,Random Baseline,0.4670621678408108,0.004313285746322414,0.007067137809187279
eye and adnexa disease,1,SGSA (Yours),0.5252904461747622,0.012263927737243014,0.02112676056338028
eye and adnexa disease,1,DIAMOnD,0.5458843159065628,0.009551495016611296,0.008820286659316428
eye and adnexa disease,2,Random Baseline,0.4365653194907922,0.007772876983682312,0.014134275618374558
eye and adnexa disease,2,SGSA (Yours),0.5850945494994438,0.01371271417570585,0.014134275618374558
eye and adnexa disease,2,DIAMOnD,0.5876900259547646,0.013511941290440675,0.008820286659316428
eye and adnexa disease,3,Random Baseline,0.4207143739957978,0.003950458180678498,0.0
eye and adnexa disease,3,SGSA (Yours),0.5648405635891732,0.012294322173411013,0.014134275618374558
eye and adnexa disease,3,DIAMOnD,0.546409590903473,0.010925195336532545,0.008820286659316428
eye and adnexa disease,4,Random Baseline,0.4044308490915832,0.003731434897130066,0.0
eye and adnexa disease,4,SGSA (Yours),0.5777406995427019,0.02153162562108269,0.028268551236749116
eye and adnexa disease,4,DIAMOnD,0.5885242862439748,0.01174192588921271,0.008820286659316428
eye disease,0,Random Baseline,0.5528364849833147,0.008425721252866409,0.02120141342756184
eye disease,0,SGSA (Yours),0.5241472005932517,0.014733330289020258,0.014134275618374558
eye disease,0,DIAMOnD,0.5450191570881225,0.008059467673841606,0.008820286659316428
eye disease,1,Random Baseline,0.521165492522556,0.004614268126281534,0.0
eye disease,1,SGSA (Yours),0.4706154987022618,0.014157004052297965,0.014134275618374558
eye disease,1,DIAMOnD,0.5847855642071438,0.008459126773080262,0.008820286659316428
eye disease,2,Random Baseline,0.4823260412804351,0.006952380361109608,0.02120141342756184
eye disease,2,SGSA (Yours),0.5375417130144605,0.011189897461503305,0.02120141342756184
eye disease,2,DIAMOnD,0.5411877394636015,0.005782156939974905,0.008820286659316428
eye disease,3,Random Baseline,0.4318378445186009,0.003938519067821543,0.0
eye disease,3,SGSA (Yours),0.5102737609689778,0.007568348317655211,0.014134275618374558
eye disease,3,DIAMOnD,0.5437523173896922,0.007898295591960387,0.008820286659316428
eye disease,4,Random Baseline,0.5059325176121616,0.00481245577165977,0.007067137809187279
eye disease,4,SGSA (Yours),0.5169787418118897,0.009493454728680024,0.014084507042253521
eye disease,4,DIAMOnD,0.5022246941045606,0.006934102162650679,0.008820286659316428
genetic disease,0,Random Baseline,0.4665136755339079,0.015819909388673243,0.01929260450160772
genetic disease,0,SGSA (Yours),0.6196609216935183,0.030116681177400385,0.08360128617363344
genetic disease,0,DIAMOnD,0.572695766204571,0.020326804012544337,0.06430868167202572
genetic disease,1,Random Baseline,0.5707006369426751,0.01976264751787828,0.04501607717041801
genetic disease,1,SGSA (Yours),0.7071000374672163,0.036678873925091116,0.08360128617363344
genetic disease,1,DIAMOnD,0.587663919070813,0.023670723868292796,0.0707395498392283
genetic disease,2,Random Baseline,0.5289246908954665,0.018717948210436482,0.02572347266881029
genetic disease,2,SGSA (Yours),0.6947733233420756,0.037326453476812294,0.09646302250803858
genetic disease,2,DIAMOnD,0.5972086923941551,0.022502555402062578,0.07717041800643087
genetic disease,3,Random Baseline,0.45564818284001496,0.013312887090210251,0.012861736334405145
genetic disease,3,SGSA (Yours),0.6416167103784188,0.029729260323560422,0.08227848101265822
genetic disease,3,DIAMOnD,0.6082240539527912,0.023075157085496175,0.08360128617363344
genetic disease,4,Random Baseline,0.4788872236792806,0.015253833995034879,0.02572347266881029
genetic disease,4,SGSA (Yours),0.6573576245784938,0.03318672391174547,0.09646302250803858
genetic disease,4,DIAMOnD,0.5988104158860996,0.02392893197527799,0.07717041800643087
globe disease,0,Random Baseline,0.45884315906562845,0.004535878078770365,0.0
globe disease,0,SGSA (Yours),0.5531454702756149,0.011318075045491208,0.02120141342756184
globe disease,0,DIAMOnD,0.5456062291434928,0.00889735739256943,0.008820286659316428
globe disease,1,Random Baseline,0.4501606723519961,0.004865622557358142,0.007067137809187279
globe disease,1,SGSA (Yours),0.6835836114200964,0.016907240541633582,0.028268551236749116
globe disease,1,DIAMOnD,0.5410950438759115,0.005749370054729003,0.008820286659316428
globe disease,2,Random Baseline,0.4997837102953899,0.0049125820689208816,0.007067137809187279
globe disease,2,SGSA (Yours),0.5652113459399333,0.014200005099054194,0.02120141342756184
globe disease,2,DIAMOnD,0.546502286491163,0.011194591888256684,0.008820286659316428
globe disease,3,Random Baseline,0.4013100976393524,0.004421590874472987,0.007067137809187279
globe disease,3,SGSA (Yours),0.6247528117661599,0.00954677277190074,0.006779661016949152
globe disease,3,DIAMOnD,0.5022246941045606,0.006934102162650679,0.008820286659316428
globe disease,4,Random Baseline,0.3921950315164998,0.0042119678638630155,0.007067137809187279
globe disease,4,SGSA (Yours),0.7001606723519961,0.016769996902755307,0.028268551236749116
globe disease,4,DIAMOnD,0.546564083549623,0.01146692304294078,0.008820286659316428
glucose metabolism disease,0,Random Baseline,0.5194228634850167,0.007704176038797444,0.007220216606498195
glucose metabolism disease,0,SGSA (Yours),0.7281415710938464,0.005277964455513034,0.007220216606498195
glucose metabolism disease,0,DIAMOnD,0.5426686397829572,0.003147782853451458,0.004419889502762431
glucose metabolism disease,1,Random Baseline,0.34874830435318777,0.002012184960908761,0.0
glucose metabolism disease,1,SGSA (Yours),0.8284005426069798,0.020677875889640686,0.01444043321299639
glucose metabolism disease,1,DIAMOnD,0.5490196078431373,0.008512366186784791,0.004419889502762431
glucose metabolism disease,2,Random Baseline,0.5422370205944013,0.0029408058624654293,0.007220216606498195
glucose metabolism disease,2,SGSA (Yours),0.39887779010975455,0.005896813470878235,0.007220216606498195
glucose metabolism disease,2,DIAMOnD,0.5476630903933901,0.005391798810898267,0.004419889502762431
glucose metabolism disease,3,Random Baseline,0.5996423726723394,0.17555538562221268,0.021660649819494584
glucose metabolism disease,3,SGSA (Yours),0.39650388457269703,0.0020088203658179295,0.0
glucose metabolism disease,3,DIAMOnD,0.4604143544210137,0.0022148394241417496,0.004419889502762431
glucose metabolism disease,4,Random Baseline,0.649155259588112,0.009905440954880674,0.007220216606498195
glucose metabolism disease,4,SGSA (Yours),0.894376618571957,0.019897227226167876,0.021660649819494584
glucose metabolism disease,4,DIAMOnD,0.7163028733505981,0.01899278628164797,0.004419889502762431
heart disease,0,Random Baseline,0.48185857089966677,0.0034674634667941377,0.007168458781362007
heart disease,0,SGSA (Yours),0.7775360977415772,0.021955049852741576,0.02867383512544803
heart disease,0,DIAMOnD,0.45982969270640506,0.0029531192321889995,0.005888847994111152
heart disease,1,Random Baseline,0.5053683820807109,0.005005895512060803,0.007168458781362007
heart disease,1,SGSA (Yours),0.6271519807478712,0.011382431751572095,0.021505376344086023
heart disease,1,DIAMOnD,0.5899203998519067,0.009097279900332225,0.005888847994111152
heart disease,2,Random Baseline,0.6001943724546465,0.0055254462951678,0.014336917562724014
heart disease,2,SGSA (Yours),0.8126388374676046,0.04878236958661493,0.043010752688172046
heart disease,2,DIAMOnD,0.7095982969270641,0.013866751568104988,0.005888847994111152
heart disease,3,Random Baseline,0.4879674194742688,0.003327057459328679,0.0
heart disease,3,SGSA (Yours),0.8006293965198076,0.03204731784803003,0.02867383512544803
heart disease,3,DIAMOnD,0.5858941132913735,0.007184067634387924,0.005888847994111152
heart disease,4,Random Baseline,0.34538134024435396,0.002355880420338872,0.0
heart disease,4,SGSA (Yours),0.7062199185486856,0.020696145976218862,0.035842293906810034
heart disease,4,DIAMOnD,0.5261245834875972,0.006616237392681503,0.005888847994111152
hematopoietic system disease,0,Random Baseline,0.4954062999315225,0.004877409286884385,0.0
hematopoietic system disease,0,SGSA (Yours),0.7635243095183748,0.023482066321690136,0.02768166089965398
hematopoietic system disease,0,DIAMOnD,0.539074982880621,0.009735961083096647,0.009551800146950772
hematopoietic system disease,1,Random Baseline,0.5427413832458342,0.00650363748812749,0.007042253521126761
hematopoietic system disease,1,SGSA (Yours),0.7812000684775166,0.04770828443017829,0.056338028169014086
hematopoietic system disease,1,DIAMOnD,0.6594099520657384,0.02326839246244199,0.009551800146950772
hematopoietic system disease,2,Random Baseline,0.4681579548048391,0.008483380174772629,0.014084507042253521
hematopoietic system disease,2,SGSA (Yours),0.8554981739328921,0.06232872760643493,0.06338028169014084
hematopoietic system disease,2,DIAMOnD,0.6610362930837709,0.0285229374867345,0.009551800146950772
hematopoietic system disease,3,Random Baseline,0.47660351517918287,0.00864607484210333,0.007042253521126761
hematopoietic system disease,3,SGSA (Yours),0.7818991097922849,0.030378859493956543,0.056338028169014086
hematopoietic system disease,3,DIAMOnD,0.6192222095412007,0.017457339032162088,0.009551800146950772
hematopoietic system disease,4,Random Baseline,0.39514380278475236,0.009380903737601844,0.014084507042253521
hematopoietic system disease,4,SGSA (Yours),0.7424104085825154,0.03960312011314478,0.04794520547945205
hematopoietic system disease,4,DIAMOnD,0.6206202921707372,0.021777260384736142,0.009551800146950772
immune system disease,0,Random Baseline,0.3965327462850853,0.0069154495301040255,0.006802721088435374
immune system disease,0,SGSA (Yours),0.7690520897406843,0.03636759576990706,0.07482993197278912
immune system disease,0,DIAMOnD,0.522062870277445,0.011562921457519153,0.01683748169838946
immune system disease,1,Random Baseline,0.4147754864191136,0.0074220535268028865,0.013605442176870748
immune system disease,1,SGSA (Yours),0.8081517692382402,0.05018224298581886,0.10884353741496598
immune system disease,1,DIAMOnD,0.5889151477872382,0.016939269769779566,0.01683748169838946
immune system disease,2,Random Baseline,0.4801709346369258,0.008392142206095672,0.0
immune system disease,2,SGSA (Yours),0.828725436239438,0.048545677093429794,0.10204081632653061
immune system disease,2,DIAMOnD,0.6115769367736087,0.02013454315066568,0.01683748169838946
immune system disease,3,Random Baseline,0.4617501375894332,0.010447784860562229,0.013605442176870748
immune system disease,3,SGSA (Yours),0.8022920780860501,0.03844116026045433,0.08843537414965986
immune system disease,3,DIAMOnD,0.5889637087636376,0.017097263662513282,0.01683748169838946
immune system disease,4,Random Baseline,0.5057463822072582,0.010271955730262251,0.027210884353741496
immune system disease,4,SGSA (Yours),0.8351516721162873,0.061714645548640375,0.11447811447811448
immune system disease,4,DIAMOnD,0.6549580756903752,0.024693786606140404,0.01683748169838946
inherited metabolic disorder,0,Random Baseline,0.4943312337902927,0.0038268784577739903,0.0
inherited metabolic disorder,0,SGSA (Yours),0.27413856984068175,0.0057438027826986135,0.0071174377224199285
inherited metabolic disorder,0,DIAMOnD,0.5118747684327529,0.006548065587825528,0.00735564545788893
inherited metabolic disorder,1,Random Baseline,0.4806965542793627,0.0040871857106249436,0.0
inherited metabolic disorder,1,SGSA (Yours),0.5352352723230827,0.013262023322018777,0.021352313167259787
inherited metabolic disorder,1,DIAMOnD,0.6173582808447574,0.017461369490185518,0.00735564545788893
inherited metabolic disorder,2,Random Baseline,0.509484994442386,0.004496214166364261,0.0071174377224199285
inherited metabolic disorder,2,SGSA (Yours),0.7373471656168951,0.05747308098705328,0.0498220640569395
inherited metabolic disorder,2,DIAMOnD,0.7753982956650611,0.04941011055167383,0.00735564545788893
inherited metabolic disorder,3,Random Baseline,0.47039644312708406,0.004288330470212475,0.0
inherited metabolic disorder,3,SGSA (Yours),0.501037421267136,0.01913774553261735,0.021352313167259787
inherited metabolic disorder,3,DIAMOnD,0.6175435346424603,0.01892228634443849,0.00735564545788893
inherited metabolic disorder,4,Random Baseline,0.5180437198962579,0.004730889752561627,0.0
inherited metabolic disorder,4,SGSA (Yours),0.4561689514635051,0.012351879317327695,0.021352313167259787
inherited metabolic disorder,4,DIAMOnD,0.6170248240088922,0.017029322638914688,0.00735564545788893
integumentary system disease,0,Random Baseline,0.45117549055905226,0.02825084719903526,0.014336917562724014
integumentary system disease,0,SGSA (Yours),0.6680396149574233,0.04080493149412567,0.035842293906810034
integumentary system disease,0,DIAMOnD,0.7257960014809329,0.046259228497600585,0.005888847994111152
integumentary system disease,1,Random Baseline,0.48870788596815995,0.005116403974318361,0.007168458781362007
integumentary system disease,1,SGSA (Yours),0.8279803776379119,0.027105000607394618,0.035842293906810034
integumentary system disease,1,DIAMOnD,0.5906145871899297,0.011441029900332226,0.005888847994111152
integumentary system disease,2,Random Baseline,0.4152628656053313,0.0029168383065220345,0.0
integumentary system disease,2,SGSA (Yours),0.7734172528693077,0.053374716790307926,0.035842293906810034
integumentary system disease,2,DIAMOnD,0.7846630877452796,0.03575554166129441,0.005888847994111152
integumentary system disease,3,Random Baseline,0.37486116253239543,0.002501305124860008,0.0
integumentary system disease,3,SGSA (Yours),0.73870788596816,0.01663103626888009,0.027874564459930314
integumentary system disease,3,DIAMOnD,0.5889022584228063,0.009196444775312318,0.005888847994111152
integumentary system disease,4,Random Baseline,0.37851721584598297,0.0031941991682762506,0.007168458781362007
integumentary system disease,4,SGSA (Yours),0.7369261384672343,0.03514645811986708,0.03571428571428571
integumentary system disease,4,DIAMOnD,0.7182524990744169,0.02977344167477297,0.005888847994111152
intellectual disability,0,Random Baseline,0.4440741617890855,0.007144465550975117,0.013651877133105802
intellectual disability,0,SGSA (Yours),0.7485451838819908,0.02567491571391751,0.05351170568561873
intellectual disability,0,DIAMOnD,0.5469601109720202,0.011827573034230893,0.016111314536799707
intellectual disability,1,Random Baseline,0.5123151876036133,0.008614671552103593,0.006825938566552901
intellectual disability,1,SGSA (Yours),0.7373041919003959,0.03400555965923626,0.07508532423208192
intellectual disability,1,DIAMOnD,0.6636414385763103,0.02564037912294373,0.016111314536799707
intellectual disability,2,Random Baseline,0.5016916466488479,0.0078863517128723,0.0
intellectual disability,2,SGSA (Yours),0.7340985215008289,0.03159789688200512,0.06143344709897611
intellectual disability,2,DIAMOnD,0.5978448421693676,0.02144018791449586,0.016111314536799707
intellectual disability,3,Random Baseline,0.5488378387522415,0.010239902250926431,0.020477815699658702
intellectual disability,3,SGSA (Yours),0.6777836045606793,0.023103367935983655,0.06143344709897611
intellectual disability,3,DIAMOnD,0.6404235883208715,0.022460049463797246,0.016111314536799707
intellectual disability,4,Random Baseline,0.4172953953378218,0.009149030920249775,0.006825938566552901
intellectual disability,4,SGSA (Yours),0.7165984369184965,0.03823685000634174,0.07508532423208192
intellectual disability,4,DIAMOnD,0.6901579997970024,0.03568867559266835,0.016111314536799707
monogenic disease,0,Random Baseline,0.5364066675725869,0.015399073335858014,0.019736842105263157
monogenic disease,0,SGSA (Yours),0.637377134574444,0.027947983784798017,0.08552631578947369
monogenic disease,0,DIAMOnD,0.5744496534855279,0.01947606559865902,0.05263157894736842
monogenic disease,1,Random Baseline,0.5331340308918784,0.014506702290950042,0.03289473684210526
monogenic disease,1,SGSA (Yours),0.7014823119083209,0.03243865260544668,0.07868852459016394
monogenic disease,1,DIAMOnD,0.5896294786429316,0.02085750650881961,0.05921052631578947
monogenic disease,2,Random Baseline,0.4984033156678897,0.018516008337238123,0.03289473684210526
monogenic disease,2,SGSA (Yours),0.6692089051954522,0.032933668767777195,0.08524590163934426
monogenic disease,2,DIAMOnD,0.6199551569506726,0.024887064398211332,0.07236842105263158
monogenic disease,3,Random Baseline,0.5074058975404266,0.01370234759764619,0.019736842105263157
monogenic disease,3,SGSA (Yours),0.6912680617837569,0.028845610717043828,0.0718954248366013
monogenic disease,3,DIAMOnD,0.5579675680572541,0.017012800926413416,0.046052631578947366
monogenic disease,4,Random Baseline,0.5194886080536305,0.016463696802769958,0.03289473684210526
monogenic disease,4,SGSA (Yours),0.687667029034742,0.03644555579128977,0.09210526315789473
monogenic disease,4,DIAMOnD,0.6337081578112969,0.02521608803085436,0.07236842105263158
muscle tissue disease,0,Random Baseline,0.5157273513780745,0.0054002991948598955,0.014134275618374558
muscle tissue disease,0,SGSA (Yours),0.6691076504758373,0.014369370908378264,0.028268551236749116
muscle tissue disease,0,DIAMOnD,0.5862995921394142,0.010749301715639927,0.008820286659316428
muscle tissue disease,1,Random Baseline,0.5874119391916945,0.010756120229412972,0.014134275618374558
muscle tissue disease,1,SGSA (Yours),0.5547058460017302,0.008344746273615786,0.014134275618374558
muscle tissue disease,1,DIAMOnD,0.45773081201334814,0.004429678848283499,0.008820286659316428
muscle tissue disease,2,Random Baseline,0.44416635768137436,0.004040507564090189,0.0
muscle tissue disease,2,SGSA (Yours),0.41475095785440613,0.007463364700103221,0.013937282229965157
muscle tissue disease,2,DIAMOnD,0.5416821159312817,0.0059031445730923105,0.008820286659316428
muscle tissue disease,3,Random Baseline,0.41061055493758497,0.003798256356327064,0.0
muscle tissue disease,3,SGSA (Yours),0.5292300086515882,0.006059947930951256,0.020477815699658702
muscle tissue disease,3,DIAMOnD,0.45773081201334814,0.004429678848283499,0.008820286659316428
muscle tissue disease,4,Random Baseline,0.4869299221357064,0.0077444307820699635,0.014134275618374558
muscle tissue disease,4,SGSA (Yours),0.528828327771598,0.009947076935532626,0.02120141342756184
muscle tissue disease,4,DIAMOnD,0.4990112470646397,0.004687105360299974,0.008820286659316428
muscular disease,0,Random Baseline,0.4522308738104066,0.004233353877181335,0.007067137809187279
muscular disease,0,SGSA (Yours),0.7518693610184155,0.01862649713827609,0.0353356890459364
muscular disease,0,DIAMOnD,0.5883079965393647,0.0117345066109601,0.008820286659316428
muscular disease,1,Random Baseline,0.46588802373007043,0.004770682533566807,0.007067137809187279
muscular disease,1,SGSA (Yours),0.5162062785811395,0.007121620320879114,0.006993006993006993
muscular disease,1,DIAMOnD,0.5006179705846001,0.005089345528622014,0.008820286659316428
muscular disease,2,Random Baseline,0.5793165245334322,0.0060959835370357545,0.0
muscular disease,2,SGSA (Yours),0.6441879866518354,0.020835694599817066,0.0353356890459364
muscular disease,2,DIAMOnD,0.5016994191076505,0.005872133147158424,0.008820286659316428
muscular disease,3,Random Baseline,0.49505623532319865,0.010236449215891945,0.014134275618374558
muscular disease,3,SGSA (Yours),0.73237238907428,0.018994989922595747,0.035211267605633804
muscular disease,3,DIAMOnD,0.5421455938697318,0.006061858441945651,0.008820286659316428
muscular disease,4,Random Baseline,0.5346372512668397,0.005047204183216351,0.007067137809187279
muscular disease,4,SGSA (Yours),0.6110802125818812,0.0068762073491478014,0.007067137809187279
muscular disease,4,DIAMOnD,0.5402916821159313,0.005524652666890163,0.008820286659316428
musculoskeletal system disease,0,Random Baseline,0.4440773698513348,0.009382505554744854,0.013377926421404682
musculoskeletal system disease,0,SGSA (Yours),0.6212900303724623,0.01675748009967846,0.033444816053511704
musculoskeletal system disease,0,DIAMOnD,0.46851521287366127,0.010220070215122171,0.020460358056265986
musculoskeletal system disease,1,Random Baseline,0.5012122342409548,0.011287525980611363,0.013377926421404682
musculoskeletal system disease,1,SGSA (Yours),0.5903047903234401,0.017604679625568904,0.05351170568561873
musculoskeletal system disease,1,DIAMOnD,0.48731816486385676,0.010557597085263484,0.020460358056265986
musculoskeletal system disease,2,Random Baseline,0.5462913624980018,0.018479699505313446,0.033444816053511704
musculoskeletal system disease,2,SGSA (Yours),0.6235679650450259,0.019331744363522314,0.046822742474916385
musculoskeletal system disease,2,DIAMOnD,0.4870650610113497,0.010490816397793142,0.020460358056265986
musculoskeletal system disease,3,Random Baseline,0.47062663185378584,0.00927435259445889,0.0
musculoskeletal system disease,3,SGSA (Yours),0.6493712367453508,0.018704218588334227,0.046822742474916385
musculoskeletal system disease,3,DIAMOnD,0.46724969361112595,0.010118109127766204,0.020460358056265986
musculoskeletal system disease,4,Random Baseline,0.48983588213353224,0.009814049987267346,0.0
musculoskeletal system disease,4,SGSA (Yours),0.7104292108488304,0.02599058851166326,0.06688963210702341
musculoskeletal system disease,4,DIAMOnD,0.5588133425694036,0.013426751523328182,0.020460358056265986
myopathy,0,Random Baseline,0.5019466073414905,0.006991707504224147,0.014134275618374558
myopathy,0,SGSA (Yours),0.5706958348782597,0.011049171353520165,0.028070175438596492
myopathy,0,DIAMOnD,0.5009887529353603,0.005268268412858908,0.008820286659316428
myopathy,1,Random Baseline,0.532319861574589,0.007608087035679597,0.02120141342756184
myopathy,1,SGSA (Yours),0.6310252131998517,0.022578561625115956,0.03436426116838488
myopathy,1,DIAMOnD,0.6290322580645161,0.012527268539770592,0.008820286659316428
myopathy,2,Random Baseline,0.5657829687306883,0.005610280707825241,0.007067137809187279
myopathy,2,SGSA (Yours),0.6974879495736003,0.0125646771057787,0.02120141342756184
myopathy,2,DIAMOnD,0.5867630700778643,0.009629453916813222,0.008820286659316428
myopathy,3,Random Baseline,0.567698677542949,0.011326979688633132,0.014134275618374558
myopathy,3,SGSA (Yours),0.725389321468298,0.024195136301330324,0.04240282685512368
myopathy,3,DIAMOnD,0.5844147818563836,0.008010422280258122,0.008820286659316428
myopathy,4,Random Baseline,0.4599864046471388,0.006248132591118299,0.014134275618374558
myopathy,4,SGSA (Yours),0.7196730935607465,0.022717695451160168,0.04240282685512368
myopathy,4,DIAMOnD,0.5418057100482017,0.0063841428044085855,0.008820286659316428
nervous system disease,0,Random Baseline,0.5476142809476142,0.026004936923582384,0.02531645569620253
nervous system disease,0,SGSA (Yours),0.5856356356356356,0.024939192619294778,0.06329113924050633
nervous system disease,0,DIAMOnD,0.5000166833500167,0.01698913078493284,0.03164556962025317
nervous system disease,1,Random Baseline,0.4695945945945945,0.017049366066216334,0.04430379746835443
nervous system disease,1,SGSA (Yours),0.5158533533533534,0.020517114599719916,0.05063291139240506
nervous system disease,1,DIAMOnD,0.544386052719386,0.019188079257412827,0.056962025316455694
nervous system disease,2,Random Baseline,0.5705538872205539,0.020142597483658316,0.03164556962025317
nervous system disease,2,SGSA (Yours),0.5694444444444444,0.02259214389064817,0.06309148264984227
nervous system disease,2,DIAMOnD,0.5101810143476809,0.017018265023623164,0.0379746835443038
nervous system disease,3,Random Baseline,0.5034701368034702,0.01678439676712723,0.0189873417721519
nervous system disease,3,SGSA (Yours),0.6033491825158492,0.027838654043174833,0.0759493670886076
nervous system disease,3,DIAMOnD,0.5752794461127794,0.020784438722349696,0.06329113924050633
nervous system disease,4,Random Baseline,0.47825325325325324,0.016637455325254683,0.02531645569620253
nervous system disease,4,SGSA (Yours),0.6062187187187187,0.024966026213696937,0.056962025316455694
nervous system disease,4,DIAMOnD,0.5071029362696029,0.016335748835505433,0.0379746835443038
neurodegenerative disease,0,Random Baseline,0.47429492630385484,0.0073508766094608925,0.0
neurodegenerative disease,0,SGSA (Yours),0.6732833758503401,0.01894938922752066,0.04794520547945205
neurodegenerative disease,0,DIAMOnD,0.5489831349206349,0.009922251565512595,0.015384615384615385
neurodegenerative disease,1,Random Baseline,0.6003932823129251,0.010430459369278708,0.0136986301369863
neurodegenerative disease,1,SGSA (Yours),0.6773047760770975,0.01882867533350864,0.0410958904109589
neurodegenerative disease,1,DIAMOnD,0.5480442176870748,0.009306030337240338,0.015384615384615385
neurodegenerative disease,2,Random Baseline,0.5073164682539683,0.01643777529221668,0.02054794520547945
neurodegenerative disease,2,SGSA (Yours),0.6140607284580499,0.015718031335071787,0.0410958904109589
neurodegenerative disease,2,DIAMOnD,0.5037556689342404,0.008983117288765129,0.015384615384615385
neurodegenerative disease,3,Random Baseline,0.46648242630385484,0.007532995002234409,0.0136986301369863
neurodegenerative disease,3,SGSA (Yours),0.6981115362811792,0.02088304750949235,0.0547945205479452
neurodegenerative disease,3,DIAMOnD,0.5971336451247166,0.012874106205312746,0.015384615384615385
neurodegenerative disease,4,Random Baseline,0.3663725907029478,0.006092984109326212,0.00684931506849315
neurodegenerative disease,4,SGSA (Yours),0.65234375,0.014415852436720724,0.03424657534246575
neurodegenerative disease,4,DIAMOnD,0.5925807823129252,0.011111063553731107,0.015384615384615385
neuromuscular disease,0,Random Baseline,0.7912812923911703,0.0071016059080002865,0.007220216606498195
neuromuscular disease,0,SGSA (Yours),0.8333333333333334,0.037546214090421456,0.021660649819494584
neuromuscular disease,0,DIAMOnD,0.7255518559625108,0.034440753045404206,0.004419889502762431
neuromuscular disease,1,Random Baseline,0.35886052534221236,0.0019302864563224707,0.0
neuromuscular disease,1,SGSA (Yours),0.6418177333826613,0.020876019115673126,0.014388489208633094
neuromuscular disease,1,DIAMOnD,0.4604143544210137,0.0022148394241417496,0.004419889502762431
neuromuscular disease,2,Random Baseline,0.4802071772105069,0.0025082057855198483,0.0
neuromuscular disease,2,SGSA (Yours),0.6918855592551486,0.03723292187271515,0.021660649819494584
neuromuscular disease,2,DIAMOnD,0.5493279072635344,0.010179032853451458,0.004419889502762431
neuromuscular disease,3,Random Baseline,0.5656677765445801,0.0030353074951702795,0.0
neuromuscular disease,3,SGSA (Yours),0.484739178690344,0.0023758878499362023,0.0
neuromuscular disease,3,DIAMOnD,0.4604143544210137,0.0022148394241417496,0.004419889502762431
neuromuscular disease,4,Random Baseline,0.5583302503391294,0.003922113857871428,0.0
neuromuscular disease,4,SGSA (Yours),0.6346960167714885,0.016711870456755592,0.01444043321299639
neuromuscular disease,4,DIAMOnD,0.5492045874953755,0.009421457095875701,0.004419889502762431
neuropathy,0,Random Baseline,0.47473138199333087,0.00473879315247029,0.0071174377224199285
neuropathy,0,SGSA (Yours),0.6678028899592441,0.018664655696513262,0.028469750889679714
neuropathy,0,DIAMOnD,0.5052426824749908,0.003778880140778835,0.00735564545788893
neuropathy,1,Random Baseline,0.48040014820303817,0.05392871798802857,0.014234875444839857
neuropathy,1,SGSA (Yours),0.6610596517228603,0.028630075839638287,0.02768166089965398
neuropathy,1,DIAMOnD,0.5650240829937014,0.011246580157228873,0.00735564545788893
neuropathy,2,Random Baseline,0.6051130048165988,0.006912738458735686,0.0071174377224199285
neuropathy,2,SGSA (Yours),0.5491663579103371,0.010722234214811206,0.014234875444839857
neuropathy,2,DIAMOnD,0.611170804001482,0.010977699134928659,0.00735564545788893
neuropathy,3,Random Baseline,0.3616524638755094,0.0030051883513174367,0.0
neuropathy,3,SGSA (Yours),0.579029270100037,0.007918810158743938,0.0071174377224199285
neuropathy,3,DIAMOnD,0.508503149314561,0.004085617914838579,0.00735564545788893
neuropathy,4,Random Baseline,0.5818451278251204,0.004934037690359653,0.0
neuropathy,4,SGSA (Yours),0.37178584660985553,0.005507748453415034,0.007042253521126761
neuropathy,4,DIAMOnD,0.4590589107076695,0.0036913990402362494,0.00735564545788893
organ system cancer,0,Random Baseline,0.5992960355687291,0.005656158711414186,0.0071174377224199285
organ system cancer,0,SGSA (Yours),0.7645794738792147,0.018882835044489368,0.028268551236749116
organ system cancer,0,DIAMOnD,0.6671730270470545,0.019490506507218956,0.00735564545788893
organ system cancer,1,Random Baseline,0.46980363097443495,0.003719670968207695,0.0
organ system cancer,1,SGSA (Yours),0.8093553167839942,0.03261850511908829,0.03558718861209965
organ system cancer,1,DIAMOnD,0.6686180066691367,0.02217151910194685,0.00735564545788893
organ system cancer,2,Random Baseline,0.6142274916635792,0.019627177049623672,0.0071174377224199285
organ system cancer,2,SGSA (Yours),0.7952204520192663,0.023412700095688986,0.028368794326241134
organ system cancer,2,DIAMOnD,0.6672471285661356,0.019012429104478885,0.00735564545788893
organ system cancer,3,Random Baseline,0.370322341608003,0.0045428120665337145,0.0071174377224199285
organ system cancer,3,SGSA (Yours),0.7830678028899591,0.012000849396276757,0.021352313167259787
organ system cancer,3,DIAMOnD,0.5585772508336421,0.005491271842630766,0.00735564545788893
organ system cancer,4,Random Baseline,0.5991107817710264,0.011105570389645759,0.014234875444839857
organ system cancer,4,SGSA (Yours),0.8027788069655428,0.020208842855405657,0.028268551236749116
organ system cancer,4,DIAMOnD,0.6636161541311597,0.01500333239570108,0.00735564545788893
retinal disease,0,Random Baseline,0.5415036480913609,0.009692165310017438,0.007194244604316547
retinal disease,0,SGSA (Yours),0.6116633181770117,0.014955798647553017,0.02158273381294964
retinal disease,0,DIAMOnD,0.5362694300518135,0.009017560512577124,0.005154639175257732
retinal disease,1,Random Baseline,0.6029396214444327,0.009868112010455302,0.007194244604316547
retinal disease,1,SGSA (Yours),0.5432748228825209,0.03716489038597167,0.02158273381294964
retinal disease,1,DIAMOnD,0.6124563815163371,0.021635433595566484,0.005154639175257732
retinal disease,2,Random Baseline,0.5361108173839484,0.0032668385186971744,0.0
retinal disease,2,SGSA (Yours),0.5299513587818547,0.013530613610937117,0.014285714285714285
retinal disease,2,DIAMOnD,0.6108702548376863,0.014142926103058992,0.005154639175257732
retinal disease,3,Random Baseline,0.4737231680236862,0.00345222523917704,0.007194244604316547
retinal disease,3,SGSA (Yours),0.38032674209580203,0.00908801693784408,0.007194244604316547
retinal disease,3,DIAMOnD,0.5348419160410278,0.005191029900332226,0.005154639175257732
retinal disease,4,Random Baseline,0.5431426456592999,0.0031204898762945575,0.0
retinal disease,4,SGSA (Yours),0.7452416199640477,0.030155036835439315,0.02877697841726619
retinal disease,4,DIAMOnD,0.6116104472877234,0.016295617418311883,0.005154639175257732
rheumatoid arthritis,0,Random Baseline,0.5732136245834876,0.004183028474416112,0.0
rheumatoid arthritis,0,SGSA (Yours),0.6939096630877453,0.008593005023962458,0.021505376344086023
rheumatoid arthritis,0,DIAMOnD,0.5227230655312848,0.003821603090541612,0.005888847994111152
rheumatoid arthritis,1,Random Baseline,0.6775731210662717,0.013449014066669046,0.014336917562724014
rheumatoid arthritis,1,SGSA (Yours),0.6721121806738245,0.015393315448982356,0.027777777777777776
rheumatoid arthritis,1,DIAMOnD,0.5237412069603851,0.004166257809178032,0.005888847994111152
rheumatoid arthritis,2,Random Baseline,0.4784339133654202,0.003150902786466129,0.0
rheumatoid arthritis,2,SGSA (Yours),0.7503008145131433,0.023415968125189694,0.035842293906810034
rheumatoid arthritis,2,DIAMOnD,0.5241114402073307,0.004344542708447065,0.005888847994111152
rheumatoid arthritis,3,Random Baseline,0.42599962976675304,0.0026856081366083404,0.0
rheumatoid arthritis,3,SGSA (Yours),0.5310995927434283,0.008398074076513657,0.021505376344086023
rheumatoid arthritis,3,DIAMOnD,0.5240188818955943,0.004296308095288662,0.005888847994111152
rheumatoid arthritis,4,Random Baseline,0.6050074046649389,0.007275063477585426,0.014336917562724014
rheumatoid arthritis,4,SGSA (Yours),0.5549102184376157,0.007429681518074403,0.014336917562724014
rheumatoid arthritis,4,DIAMOnD,0.5246205109218808,0.004667312661498708,0.005888847994111152
sensory system disease,0,Random Baseline,0.49093559501722767,0.005432855997291899,0.007017543859649123
sensory system disease,0,SGSA (Yours),0.6014312218393851,0.013264136736600669,0.028070175438596492
sensory system disease,0,DIAMOnD,0.5334481844685927,0.010594830174725149,0.010282776349614395
sensory system disease,1,Random Baseline,0.5590246488205672,0.020027971801156567,0.007017543859649123
sensory system disease,1,SGSA (Yours),0.601669758812616,0.014820246616601277,0.020905923344947737
sensory system disease,1,DIAMOnD,0.5704214153193744,0.01270298582200087,0.010282776349614395
sensory system disease,2,Random Baseline,0.5381394116087994,0.006591133336860973,0.021052631578947368
sensory system disease,2,SGSA (Yours),0.6919029949642195,0.021135200088690312,0.020477815699658702
sensory system disease,2,DIAMOnD,0.571587596077392,0.01678135307636433,0.010282776349614395
sensory system disease,3,Random Baseline,0.41526636628677444,0.004457344682567872,0.0
sensory system disease,3,SGSA (Yours),0.5222899549430162,0.01243333965498052,0.021052631578947368
sensory system disease,3,DIAMOnD,0.5320169626292075,0.0078806138781659,0.010282776349614395
sensory system disease,4,Random Baseline,0.5609064404982772,0.00824664047802327,0.007017543859649123
sensory system disease,4,SGSA (Yours),0.6588391200636099,0.014253273286437756,0.021052631578947368
sensory system disease,4,DIAMOnD,0.6018022793532997,0.01305129182008987,0.010282776349614395
skin disease,0,Random Baseline,0.6679179443798244,0.010878564424114659,0.014388489208633094
skin disease,0,SGSA (Yours),0.714682245955377,0.037859459680378287,0.03597122302158273
skin disease,0,DIAMOnD,0.7603891297451623,0.03467931000665024,0.005154639175257732
skin disease,1,Random Baseline,0.4550597441048958,0.002712239176850964,0.0
skin disease,1,SGSA (Yours),0.6483292798984879,0.04407566324679326,0.02877697841726619
skin disease,1,DIAMOnD,0.610975996616263,0.014708315831010298,0.005154639175257732
skin disease,2,Random Baseline,0.7074653695675159,0.004782482610829321,0.0
skin disease,2,SGSA (Yours),0.7144178915089352,0.05997897521061339,0.02877697841726619
skin disease,2,DIAMOnD,0.6828804060484297,0.01558299342516286,0.005154639175257732
skin disease,3,Random Baseline,0.4721370413450354,0.0026694166845181023,0.0
skin disease,3,SGSA (Yours),0.7710690493814105,0.04581902847667301,0.02877697841726619
skin disease,3,DIAMOnD,0.6109231257269747,0.013750461424880029,0.005154639175257732
skin disease,4,Random Baseline,0.578619012371788,0.004027566168151024,0.007194244604316547
skin disease,4,SGSA (Yours),0.6599344400972824,0.021851683245282187,0.014388489208633094
skin disease,4,DIAMOnD,0.6831976313841599,0.02088459806083019,0.005154639175257732
specific developmental disorder,0,Random Baseline,0.6006022262069899,0.013054716255465972,0.034129692832764506
specific developmental disorder,0,SGSA (Yours),0.6357038941705856,0.018216077655334596,0.039735099337748346
specific developmental disorder,0,DIAMOnD,0.5496498291436885,0.013770412157958182,0.016111314536799707
specific developmental disorder,1,Random Baseline,0.4320973035152418,0.007839198878879202,0.013651877133105802
specific developmental disorder,1,SGSA (Yours),0.7109990865108096,0.029454849652705187,0.06825938566552901
specific developmental disorder,1,DIAMOnD,0.6158862536793315,0.018255740412961692,0.016111314536799707
specific developmental disorder,2,Random Baseline,0.44864160774097506,0.007150429457773618,0.006825938566552901
specific developmental disorder,2,SGSA (Yours),0.6721081300537943,0.021041755579778637,0.0472972972972973
specific developmental disorder,2,DIAMOnD,0.6179331461244375,0.01951237260119815,0.016111314536799707
specific developmental disorder,3,Random Baseline,0.5200290963223602,0.01176328123792418,0.020477815699658702
specific developmental disorder,3,SGSA (Yours),0.7879098014006835,0.03263452156383224,0.07508532423208192
specific developmental disorder,3,DIAMOnD,0.6405420035862909,0.02217964060630896,0.016111314536799707
specific developmental disorder,4,Random Baseline,0.498731265013364,0.0256753158565425,0.027303754266211604
specific developmental disorder,4,SGSA (Yours),0.7714247048076597,0.031088124069251148,0.06802721088435375
specific developmental disorder,4,DIAMOnD,0.708402408904828,0.033364418696546945,0.016111314536799707
